# CK2TITLE;EU4ID;Filename;Comment

# Iceland

c_vestisland;370;370 - Reykjavik;Vestisland - Reykjavik

c_austisland;371;371 - Akureyri;Austisland - Akureyri

# Ireland

d_ulster;372;372 - Ulster;Duchy Ulster - Ulster
c_ulster;372;372 - Ulster;County Ulster - Ulster
c_oriel;372;372 - Ulster;Oriel - Ulster
c_tyrone;372;372 - Ulster;Tyrone - Ulster
c_tyrconnell;372;372 - Ulster;Tyrconnell - Ulster

d_connacht;376;376 - Connaught;Duchy Connacht - Connaught
c_connacht;376;376 - Connaught;County Connacht - Connaught
c_breifne;376;376 - Connaught;Breifne - Connaught

d_meath;373;373 - Meath;Duchy Meath - Meath
c_dublin;373;373 - Meath;Dublin - Meath
c_kildare;373;373 - Meath;Kildare - Meath

d_leinster;374;374 - Leinster;Duchy Leinster - Leinster
c_leinster;374;374 - Leinster;County Leinster - Leinster
c_ossory;374;374 - Leinster;Ossory - Leinster

d_munster;375;375 - Munster;Duchy Munster - Munster
c_desmond;375;375 - Munster;Desmond - Munster
c_thomond;375;375 - Munster;Thomond - Munster
c_ormond;375;375 - Munster;Ormond - Munster

# Scotland

d_galloway;249;249 - Ayrshire;Duchy Galloway - Ayrshire
c_galloway;249;249 - Ayrshire;County Galloway - Ayrshire
c_carrick;249;249 - Ayrshire;Carrick - Ayrshire
c_clydesdale;249;249 - Ayrshire;Clydesdale - Ayrshire

d_lothian;248;248 - Lothian;Duchy Lothian - Lothian
c_lothian;248;248 - Lothian;County Lothian - Lothian
c_dunbar;248;248 - Lothian;Dunbar - Lothian
c_teviotdale;248;248 - Lothian;Teviotdale - Lothian

c_fife;250;250 - Fife;Fife - Fife
c_strathearn;250;250 - Fife;Strathearn - Fife

c_gowrie;251;251 - Aberdeen;Gowrie - Aberdeen
c_atholl;251;251 - Aberdeen;Atholl - Aberdeen
c_buchan;251;251 - Aberdeen;Buchan - Aberdeen

d_moray;252;252 - Highlands;Duchy Moray - Highlands
c_moray;252;252 - Highlands;County Moray - Highlands
c_ross;252;252 - Highlands;Ross - Highlands
c_caithness;252;252 - Highlands;Caithness - Highlands
c_argyll;252;252 - Highlands;Argyll - Highlands

c_innse_gall;253;253 - Western Isles;Innse Gall - Western Isles

# England & Wales

d_northumberland;246;246 - Northumberland;Duchy Northumberland - Northumberland
c_northumberland;246;246 - Northumberland;County Northumberland - Northumberland
c_durham;246;246 - Northumberland;Durham - Northumberland

c_cumberland;247;247 - Cumbria;Cumberland - Cumbria
c_isle_of_man;247;247 - Cumbria;Isle of Man - Cumbria

c_york;245;245 - Yorkshire;York - York

d_lancaster;244;244 - Lancashire;Duchy Lancaster - Lancashire
c_lancaster;244;244 - Lancashire;Lancaster - Lancashire
c_westmorland;244;244 - Lancashire;Westmorland - Lancashire
c_chester;244;244 - Lancashire;Chester - Lancashire

c_lincoln;243;243 - Lincoln;Lincoln - Lincoln

c_derby;1861;1861 - Derby;Derby - Derby
c_leicester;1861;1861 - Derby;Leicester - Derby

d_hereford;240;240 - Marches;Duchy Hereford - Marches
c_hereford;240;240 - Marches;County Hereford - Marches
c_shrewsbury;240;240 - Marches;Shrewsbury - Marches
c_warwick;240;240 - Marches;Warwick - Marches
c_worcester;240;240 - Marches;Worcester - Marches

d_gwynedd;242;242 - Gwynedd;Duchy Gwynedd - Gwynedd
c_gwynedd;242;242 - Gwynedd;County Gwynedd - Gwynedd
c_perfeddwlad;242;242 - Gwynedd;Perfeddwlad - Gwynedd
c_powys;242;242 - Gwynedd;Powys - Gwynedd

d_deheubarth;241;241 - Glamorgan;Duchy Deheubarth - Glamorgan
c_glamorgan;241;241 - Glamorgan;Glamorgan - Glamorgan
c_dyfed;241;241 - Glamorgan;Dyfed - Glamorgan
c_gwent;241;241 - Glamorgan;Gwent - Glamorgan

d_gloucester;239;239 - Gloucestershire;Duchy Gloucester - Gloucestershire
c_gloucester;239;239 - Gloucestershire;County Gloucester - Gloucestershire
c_wiltshire;239;239 - Gloucestershire;Wiltshire - Gloucestershire

d_somerset;234;234 - Wessex;Duchy Somerset - Wessex
c_winchester;234;234 - Wessex;Winchester - Wessex
c_dorset;234;234 - Wessex;Dorset - Wessex

d_cornwall;233;233 - Cornwall;Duchy Cornwall - Cornwall
c_cornwall;233;233 - Cornwall;County Cornwall - Cornwall
c_devon;233;233 - Cornwall;Devon - Cornwall
c_somerset;233;233 - Cornwall;Somerset - Cornwall

c_oxford;237;237 - Oxfordshire;Oxford - Oxfordshire
c_bedford;237;237 - Oxfordshire;Bedford - Oxfordshire

c_middlesex;236;236 - London;Middlesex - London

c_essex;238;238 - Essex;Essex - Essex

d_norfolk;1860;1860 - Norfolk;Duchy Norfolk - Norfolk
c_norfolk;1860;1860 - Norfolk;County Norfolk - Norfolk
c_suffolk;1860;1860 - Norfolk;Suffolk - Norfolk
c_northampton;1860;1860 - Norfolk;Northampton - Norfolk

d_canterbury;235;235 - Kent;Duchy Canterbury - Kent
c_kent;235;235 - Kent;Kent - Kent
c_surrey;235;235 - Kent;Surrey - Kent
c_sussex;235;235 - Kent;Sussex - Kent

# Norway

c_faereyar;1979;1979 -Faroes;Faereyar - Färöarna

c_shetland;1978;1978 - Shetlands;Shetland - The Shetlands

c_orkney;369;369 - Orkney;Orkney - Orkney

c_bergenshus;23;23-Bergenshus;Bergenhus - Bergenhus
c_rogaland;23;23-Bergenshus;Rogaland - Bergenhus

c_agder;24;24-Agder;Agder - Agder
c_telemark;24;24-Agder;Telemark - Agder

c_akershus;17;17-Akershus;Akershus - Akershus
c_vestfold;17;17-Akershus;Vestfold - Akershus

c_hedmark;22;22-Eisdiva;Hedmark - Eidsiva
c_oppland;22;22-Eisdiva;Oppland - Eidsiva

d_trondelag;20;20-Trondelag;Duchy Trondelag - Trondelag
c_trondelag;20;20-Trondelag;County Trondelag - Trondelag
c_naumadal;20;20-Trondelag;Naumadal - Trondelag

c_halogaland;21;21-Halogaland;Halogaland - Hålogaland
c_nordland;21;21-Halogaland;Nordland - Hålogaland

c_finnmark;315;315 - Finnmark;Finnmark - Finnmark

d_jamtland;10;10-Jamtland;Duchy Jämtland - Jämtland
c_jamtland;10;10-Jamtland;County Jämtland - Jämtland
c_herjedalen;10;10-Jamtland;Herjedalen - Jämtland

c_viken;16;16-Bohuslan;Viken - Bohuslän

# Sweden & Finland

c_vastergotland;7;7-Vastergotland;Västergötland - Västergötland

d_smaland;3;3-Smaland;Duchy Småland - Småland
c_smaland;3;3-Smaland;County Småland - Småland
c_more;3;3-Smaland;Möre - Småland
c_oland;3;3-Smaland;Öland - Småland

c_ostergotland;2;2-Ostergotland;Östergötland - Östergötland
c_tjust;2;2-Ostergotland;Tjust - Östergötland

c_narke;1985;1985-Narke;Närke - Närke

c_gotland;25;25-Gotland;Gotland - Gotland

c_sodermanland;1;1-Uppland;Södermanland - Stockholm
c_uppland;1;1-Uppland;Uppland - Stockholm

c_aland;1930;1930 - Aland;Åland - Åland

c_varmland;5;5-Varmland;Värmland - Värmland
c_dal;5;5-Varmland;Dal - Värmland

c_vastmanland;4;4-Bergslagen;Västmanland - Bergslagen

c_dalarna;8;8-Dalaskogen;Dalarna - Dalaskogen

c_halsingland;9;9-Halsingland;Hälsingland - Hälsingland
c_gastrikland;9;9-Halsingland;Gästrikland - Hälsingland
c_medelpad;9;9-Halsingland;Medelpad - Hälsingland

c_vasterbotten;11;11-Vasterbotten;Västerbotten - Västerbotten
c_angermanland;11;11-Vasterbotten;Ångermanland - Västerbotten

c_lappland;18;18-Lappland;Lappland - Lappland

c_finland;27;27-Finland;Finland - Finland
c_satakunta;27;27-Finland;Satakunta - Finland

c_nyland;28;28 - Nyland;Nyland - Nyland

c_tavasts;29;29 -Tavastland;Tavasts - Tavastland

c_savolaks;31;31-Savolaks;Savolaks - Savolax

c_kexholm;30;30-Viborg;Kexholm - Viborg
c_kexholm;32;32-Keksholm;Kexholm - Kexholm

c_osterbotten;19;19-Osterbotten;Österbotten - Österbotten
c_kemi;19;19-Osterbotten;Kemi - Österbotten

c_kola;1777;1777-Kola;Kola - Kola

c_karelen;1776;1776-Karelia;Karelen - Karelia
c_kandalax;1776;1776-Karelia;Kandalax - Karelia

c_onega;309;309 - Olonets;Onega - Olonets
c_zaozerye;309;309 - Olonets;Zaozerye - Olonets

c_vodi;33;33-Neva;Vodi - Neva
c_vodi;34;34-Ingermanland;Vodi - Ingermanland

c_narva;1842;1842 - Narva;Narva - Narva

c_reval;36;36 - Estland;Reval - Reval

# Denmark

c_skane;6;6-Skane;Skåne - Skåne

c_halland;26;26-Halland;Halland - Halland

c_blekinge;1982;1982-Blekinge;Blekinge - Blekinge

c_bornholm;1981;1981-Bornholm;Bornholm - Bornholm

c_sjaelland;12;12-Sjaelland;Sjaelland - Sjaelland
c_sjaelland;1983;1983-Lolland;Sjaelland - Lolland

c_fyn;14;14-Fyn;Fyn - Fyn

c_jylland;1984;1984-Nordjylland;Jylland - Nordjylland
c_jylland;15;15-Jylland;Jylland - Midtjylland

c_slesvig;13;13-Slesvig;Slesvig - Slesvig

c_holstein;1775;1775 - Holstein;Holstein - Holstein

# Francia

c_french_leon;170;170 - Finistere;French Leon - Finistere
c_cornouaille;170;170 - Finistere;Cornouaille - Finistere

c_penthievre;169;169 - Armor;Penthievre - Armor
c_rennes;169;169 - Armor;Rennes - Armor

c_vannes;171;171 - Morbihan;Vannes - Morbihan

c_nantes;172;172 - Vendee;Nantes - Vendee

c_avranches;168;168 - Normandie;Avranches - Normandie
c_evreux;168;168 - Normandie;Evreux - Normandie

c_arques;167;167 - Caux;Arques - Caux
c_eu;167;167 - Caux;Eu - Caux
c_vexin;167;167 - Caux;Vexin - Caux

d_poitou;180;180 - Poitou;Duchy Poitou - Poitou
c_poitiers;180;180 - Poitou;Poitiers - Poitou
c_lusignan;180;180 - Poitou;Lusignan - Poitou
c_saintonge;180;180 - Poitou;Saintonge - Poitou
c_thouars;180;180 - Poitou;Thouars - Poitou

c_bordeaux;174;174 - Gascogne;Bordeaux - Gascogne

c_labourd;173;173 - Labourd;Labourd - Labourd
c_albret;173;173 - Labourd;Albret - Labourd

c_bearn;176;176 - Bearn;Bearn - Bearn

c_armagnac;175;175 - Armagnac;Armagnac - Armagnac

c_rosello;197;197 - Roussillon;Rosello - Roussillon
c_foix;197;197 - Roussillon;Foix - Roussillon

c_toulouse;196;196 - Toulouse;Toulouse - Toulouse
c_carcassonne;196;196 - Toulouse;Carcassonne - Toulouse

c_rouergue;198;198 - Rouergue;Rouergue - Rouergue

c_montpellier;200;200 - Languedoc;Montpellier - Languedoc
c_narbonne;200;200 - Languedoc;Narbonne - Languedoc

c_provence;201;201 - Provence;Provence - Provence
c_forcalquier;201;201 - Provence;Forcalquier - Provence

c_venaissin;202;202 - Avignon;Venaissin - Avignon

c_dauphine_viennois;204;204 - Dauphine;Dauphine Viennois - Dauphine
c_viviers;204;204 - Dauphine;Viviers - Dauphine

c_lyon;203;203 - Lyonnais;Lyon - Lyonnais
c_forez;203;203 - Lyonnais;Forez - Lyonnais

d_auvergne;199;199 - Auvergne;Duchy Auvergne - Auvergne
c_auvergne;199;199 - Auvergne;County Auvergne - Auvergne
c_gevaudan;199;199 - Auvergne;Gevaudan - Auvergne

c_perigord;194;194 - Perigord;Perigord - Perigord
c_agen;194;194 - Perigord;Agen - Perigord
c_angouleme;194;194 - Perigord;Angouleme - Perigord

c_limousin;195;195 - Limousin;Limousin - Limousin
c_la_marche;195;195 - Limousin;La Marche - Limousin

c_bourbon;190;190 - Bourbon;Bourbon - Bourbon

d_berry;179;179 - Berry;Berry - Berry
c_tourraine;179;179 - Berry;Tourraine - Berry
c_bourges;179;179 - Berry;Bourges - Berry

c_maine;177;177 - Maine;Maine - Maine

c_anjou;178;178 - Anjou;Anjou - Anjou

c_chartres;1879;1879 - Alencon;Chartres - Alencon

c_ile_de_france;183;183 - Ile-de-France;Ile de France - Ile-de-France

d_orleans;184;184 - Orleanais;Duchy Orleans - Orleanais
c_orleans;184;184 - Orleanais;County Orleans - Orleanais
c_blois;184;184 - Orleanais;Blois - Orleanais
c_vendome;184;184 - Orleanais;Vendome - Orleanais

c_reims;182;182 - Vermandois;Reims - Vermandois

c_troyes;186;186 - Champagne;Troyes - Champagne

c_sens;185;185 - Othe;Sens - Nemours

c_nevers;191;191 - Nevers;Nevers - Nevers
c_auxerre;191;191 - Nevers;Auxerre - Nevers

c_dijon;192;192 - Bourgogne;Dijon - Bourgogne

c_charolais;1877;1877 - Charolais;Charolais - Charolais
c_charolais;1877;1877 - Charolais;Duplicate to increase weight
c_macon;1877;1877 - Charolais;Macon - Charolais
c_chalons;1877;1877 - Charolais;Chalons - Charolais

c_amiens;1743;1743 - Cambray;Amiens - Cambray

c_vermandois;181;181 - Valenciennes;Vermandois - Valenciennes

c_boulogne;89;89 - Picardie;Boulogne - Picardie

c_guines;87;87 - Calais;Guines - Calais

c_artois;88;88 - Artois;Artois - Artois

c_bar;187;187 - Barrois;Bar - Barrois
c_saintois;187;187 - Barrois;Santois - Barrois
c_verdun;187;187 - Barrois;Verdun - Barrois

c_metz;188;188 - Metz;Metz - Metz

c_lorraine;189;189 - Lothringen;Lorraine - Lothringen

c_besancon;193;193 - Franche-Comte;Besancon - Franche-Comte

c_sundgau;1880;1880 - Sundgau;Sundgau - Sundgau

# Hispania

d_galicia;206;206 - Galicia;Duchy Galicia - Galicia
c_coruna;206;206 - Galicia;Coruna - Galicia
c_santiago;206;206 - Galicia;Santiago - Galicia

c_porto;231;231 - Porto;Porto - Porto

c_braganza;232;232 - Braganca;Braganza - Braganca

c_castelo_branco;228;228 - Beira;Castelo Branco - Beira

c_coimbra;1851;1851 - Ribatejo;Coimbra - Ribatejo

c_lisboa;227;227 - Lisboa;Lisboa - Lisboa

c_evora;229;229 - Alentejo;Evora - Alentejo
c_alcacer_do_sal;229;229 - Alentejo;Alcacer do Sal - Alentejo
c_mertola;229;229 - Alentejo;Mertola - Alentejo

d_algarve;230;230 - Algarve;Algarve - Algarve
c_silves;230;230 - Algarve;Silves - Algarve
c_faro;230;230 - Algarve;Faro - Algarve

d_asturias;207;207 - Asturias;Duchy Asturias - Asturias
c_asturias_de_oviedo;207;207 - Asturias;County Asturias de Oviedo - Asturias
c_astorga;207;207 - Asturias;Astorga - Asturias

c_leon;208;208 - Leon;Leon - Leon
c_zamora;208;208 - Leon;Zamora - Leon

c_salamanca;216;216 - Salamanca;Salamanca - Salamanca

c_caceres;1747;1747 - Caceres;Caceres - Caceres
c_alcantara;1747;1747 - Caceres;Alcantara - Caceres
c_plasencia;1747;1747 - Caceres;Plasencia - Caceres

c_badajoz;218;218 - Badajoz;Badajoz - Badajoz

c_sevilla;224;224 - Andalucia;Sevilla - Andalucia
c_aracena;224;224 - Andalucia;Aracena - Andalucia
c_niebla;224;224 - Andalucia;Niebla - Andalucia

c_cadiz;1749;1749 - Cadiz;Cadiz - Cadiz

c_algeciras;226;226 - Gibraltar;Algeciras - Gibraltar

c_cordoba;225;225 - Cordoba;Cordoba - Cordoba

c_cuenca;217;217 - Madrid;Cuenca - Madrid
c_molina;217;217 - Madrid;Molina - Madrid

c_toledo;219;219 - Toledo;Toledo - Toledo
c_calatrava;219;219 - Toledo;Calatrava - Toledo

c_la_mancha;1748;1748 - La Mancha;La Mancha - La Mancha

c_granada;223;223 - Granada;Granada - Granada
c_malaga;223;223 - Granada;Malaga - Granada

c_almeria;222;222 - Almeria;Almeria - Almeria

c_murcia;221;221 - Murcia;Murcia - Murcia
c_almansa;221;221 - Murcia;Almansa - Murcia

c_denia;1750;1750 - Alicante;Denia - Alicante

c_valencia;220;220 - Valencia;Valencia - Valencia
c_castellon;220;220 - Valencia;Castellon - Valencia

d_aragon;214;214 - Aragon;Duchy Aragon - Aragon
c_zaragoza;214;214 - Aragon;Zaragoza - Aragon
c_albarracin;214;214 - Aragon;Albarracin - Aragon
c_calatayud;214;214 - Aragon;Calatayud - Aragon

d_barcelona;213;213 - Barcelona;Duchy Barcelona - Barcelona
c_barcelona;213;213 - Barcelona;County Barcelona - Barcelona
c_lleida;213;213 - Barcelona;Lleida - Barcelona
c_tarragona;213;213 - Barcelona;Tarragona - Barcelona

c_empuries;212;212 - Girona;Empuries - Girona

c_alto_aragon;211;211 - Pirineo;Alto Aragon - Pirineo
c_urgell;211;211 - Pirineo;Urgell - Pirineo

c_navarra;210;210 - Navarra;Navarra - Navarra

c_viscaya;209;209 - Vizcaya;Viscaya - Viscaya

c_asturias_de_santillana;1745;1745 - Cantabria;Asturias de Santillana - Cantabria

c_burgos;1746;1746 - Burgos;Burgos - Burgos
c_najera;1746;1746 - Burgos;Najera - Burgos

c_valladolid;215;215 - Castilla La Vieja;Valladolid - Castilla La Vieja
c_soria;215;215 - Castilla La Vieja;Soria - Castilla La Vieja

d_mallorca;333;333 - The Baleares;Duchy Mallorca - The Baleares
c_mallorca;333;333 - The Baleares;County Mallorca - The Baleares
c_menorca;333;333 - The Baleares;Menorca - The Baleares

# Italy

c_corsica;1247;1247 - Corsica;Corsica - Corsica

c_arborea;127;127 - Sardinia;Arborea - Sardinia
c_cagliari;127;127 - Sardinia;Cagliari - Sardinia

c_palermo;125;125 - Palermo;Palermo - Palermo
c_trapani;125;125 - Palermo;Trapani - Palermo
c_agrigento;125;125 - Palermo;Agrigento - Palermo

c_messina;124;124 - Messina;Messina - Messina
c_siracusa;124;124 - Messina;Siracusa - Messina

c_malta;126;126 - Malta;Malta - Malta

d_calabria;123;123 - Calabria;Calabria - Calabria
c_reggio;123;123 - Calabria;Reggio - Calabria
c_consenza;123;123 - Calabria;Consenza - Calabria

d_apulia;122;122 - Apulia;Duchy Apulia - Apulia
c_apulia;122;122 - Apulia;County Apulia - Apulia
c_bari;122;122 - Apulia;Bari - Apulia
c_lecce;122;122 - Apulia;Lecce - Apulia

d_salerno;1934;1934 - Lucania;Duchy Salerno - Lucania
c_salerno;1934;1934 - Lucania;Salerno - Lucania
c_taranto;1934;1934 - Lucania;Taranto - Lucania
c_amalfi;1934;1934 - Lucania;Amalfi - Lucania

d_benevento;1933;1933 - Bari;Duchy Benevento - Bari
c_benevento;1933;1933 - Bari;County Benevento - Bari
c_foggia;1933;1933 - Bari;Foggia - Bari

d_capua;121;121 - Napoli;Duchy Capua - Napoli
c_capua;121;121 - Napoli;County Capua - Napoli
c_napoli;121;121 - Napoli;Napoli - Napoli

d_spoleto;120;120 - Abbruzzi;Duchy Spoleto - Abruzzi
c_spoleto;120;120 - Abbruzzi;County Spoleto - Abruzzi
c_aprutium;120;120 - Abbruzzi;Aprutium - Abruzzi

c_roma;118;118 - Roma;Roma - Roma
c_roma;118;118 - Roma;Duplicate to increase weight
c_roma;118;118 - Roma;Duplicate to increase weight
d_latium;118;118 - Roma;Duchy Latium - Roma
c_orvieto;118;118 - Roma;Orvieto - Roma
c_orbetello;118;118 - Roma;Orbetello - Roma

d_ancona;119;119 - Ancona;Duchy Ancona - Ancona
c_ancona;119;119 - Ancona;County Ancona - Ancona
c_urbino;119;119 - Ancona;Urbino - Ancona

c_siena;117;117 - Siena;Siena - Siena

d_pisa;115;115 - Pisa;Duchy Pisa - Pisa
c_pisa;115;115 - Pisa;County Pisa - Pisa
c_piombino;115;115 - Pisa;Piombino - Pisa

c_firenze;116;116 - Firenze;Firenze - Firenze
c_lucca;116;116 - Firenze;Lucca - Firenze

c_modena;106;106 - Modena;Modena - Modena

c_parma;105;105 - Parma;Parma - Parma

c_genoa;101;101 - Liguria;Genoa - Liguria

c_nice;102;102 - Nice;Nice - Nice

c_ravenna;114;114 - Romagna;Ravenna - Romagna
c_bologna;114;114 - Romagna;Bologna - Romagna

c_ferrara;113;113 - Ferrara;Ferrara - Ferrara

c_mantua;109;109 - Mantua;Mantua - Mantua

c_verona;108;108 - Verona;Verona - Verona
c_padova;108;108 - Verona;Padova - Verona

c_brescia;107;107 - Brescia;Brescia - Brescia

c_cremona;1862;1862 - Cremona;Cremona - Cremona

c_lombardia;104;104 - Lombardia;Lombardia - Lombardia
c_pavia;104;104 - Lombardia;Pavia - Lombardia
c_monferrato;104;104 - Lombardia;Monferrato - Lombardia

c_saluzzo;1875;1875 - Turin;Saluzzo - Cuneo

c_piemonte;103;103 - Piedmont;Piemonte - Piedmont

c_trent;110;110 - Trent;Trent - Trent

c_treviso;1774;1774 - Treviso;Treviso - Treviso
c_treviso;111;111 - Friuli;Treviso - Friuli

c_venezia;112;112 - Venezia;Venezia - Venezia 

c_istria;130;130 - Istria;Istria - Istria

c_krain;129;129 - Krain;Krain - Krain

c_aquileia;1769;1769 - Gorz;Aquileia - Görz

# Switzerland

c_savoie;205;205 - Savoie;Savoie - Savoie

c_valais;1871;1871 - Wallis;Valais - Wallis

c_geneve;1867;1867 - Freiburg;Geneve - Freiburg
c_neuchatel;1867;1867 - Freiburg;Neuchatel - Freiburg

c_bern;165;165 - Bern;Bern - Bern
c_aargau;165;165 - Bern;Aargau - Bern

c_schwyz;1869;1869 - Zurich;Schwyz - Zurich

c_st_gallen;1870;1870 - St Gallen;St Gallen - St Gallen

c_grisons;166;166 - Schwyz;Grisons - Schwyz

# Low Countries

c_yperen;90;90 - Vlaanderen;Yperen - Vlaanderen

c_brugge;1744;1744 - Antwerpen;Brugge - Antwerpen

c_gent;1865;1865 - Ghent;Gent - Ghent

c_hainaut;91;91 - Hainaut;Hainaut - Hainaut

c_brabant;92;92 - Brabant;Brabant - Brabant

c_liege;93;93 - Liege;Liege - Liege
c_liege;1866;1866 - Namur;Liege - Namur

c_luxembourg;94;94 - Luxemburg;Luxembourg - Luxemburg

c_julich;1878;1878 - Aachen;Julich - Aachen

c_loon;1742;1742 - Limburg;Loon - Limburg
c_kleve;1742;1742 - Limburg;Kleve - Limburg

c_breda;95;95 - Breda;Breda - Breda

c_zeeland;96;96 - Zeeland;Zeeland - Zeeland

c_holland;97;97 - Holland;Holland - Holland
c_westfriesland;97;97 - Holland;Westfriesland - Holland

c_sticht;98;98 - Utrecht;Sticht - Utrecht

c_gelre;99;99 - Gelre;Gelre - Gelre

c_frisia;100;100 - Friesland;Frisia - Friesland

# Holy Roman Empire

c_breisgau;72;72 - Breisgau;Breisgau - Breisgau

c_baden;74;74 - Baden;Baden - Baden

c_pfalz;77;77 - Pfalz;Pfalz - Pfalz

c_mainz;78;78 - Mainz;Mainz - Mainz

c_nordgau;75;75 - Elsass;Nordgau - Elsass

c_trier;80;80 - Trier;Trier - Trier
c_trier;1761;1761 - Alzey;Trier - Worms
c_trier;1760;1760 - Koblenz;Trier - Koblenz

c_koln;85;85 - Koln;Köln - Köln
c_koln;84;84 - Berg;Köln - Berg

c_nassau;83;83 - Nassau;Nassau - Nassau
c_nassau;1876;1876 - Frankfurt;Nassau - Frankfurt

c_gottingen;82;82 - Lippe;Göttingen - Westfalen
c_gottingen;81;81 - Hessen;Göttingen - Hessen
c_gottingen;1762;1762 - Kassel;Göttingen - Kassel

c_munster;86;86 - Munster;Munster - Munster

c_osnabruck;56;56 - Osnabruck;Osnabruck - Osnabruck

c_ostfriesland;1931;1931 - East Frisia;Ostfriesland - East Frisia

c_oldenburg;55;55 - Oldenburg;Oldenburg - Oldenburg

c_bremen;1874;1874 - Bremen;Bremen - 1874
c_bremen;54;54 - Bremen;Bremen - 54

c_celle;1758;1758 - Hannover;Celle - Hannover

c_luneburg;53;53 - Luneburg;Luneburg - Luneburg

c_braunschweig;57;57 - Hannover;Braunschweig - Brunswick

c_hamburg;44;44 - Hamburg;Hamburg - Hamburg

c_lubeck;45;45 - Lubeck;Lubeck - Lubeck
c_lubeck;1857;1857 - Lauenburg;Lubeck - Lauenburg

c_altmark;52;52 - Altmark;Altmark - Altmark

c_anhalt;58;58 - Anhalt;Anhalt - Anhalt

d_mecklemburg;46;46 - Mecklenburg;Mecklemburg - Mecklenburg
c_mecklemburg;46;46 - Mecklenburg;Mecklemburg - Mecklenburg
c_rostock;46;46 - Mecklenburg;Rostock - Mecklenburg
c_werle;46;46 - Mecklenburg;Werle - Mecklenburggoverment form

c_wolgast;47;47 - Vorpommern;Wolgast - Vorpommern
c_rugen;47;47 - Vorpommern;Rugen - Vorpommern

c_plauen;62;62 - Leipzig;Plauen - Leipzig

c_meissen;59;59 - Meissen;Meissen - Meissen
c_meissen;61;61 - Dresden;Meissen - Dresden

c_thuringen;63;63 - Erfurt;Thuringen - Thuringen
c_weimar;63;63 - Erfurt;Weimar - Thuringen

c_furstenberg;69;69 - Konstanz;Furstenberg - Konstanz

c_wurttemberg;70;70 - Wurttemberg;Wurttemberg - Wurttemberg

c_ulm;1872;1872 - Ulm;Ulm - Ulm

c_leiningen;71;71 - Ansbach;Leiningen - Ansbach

c_wurzburg;79;79 - Wurzburg;Wurzburg - Wurzburg

c_bamberg;66;66 - Bamberg;Bamberg - Bamberg

c_nurnberg;67;67 - Franken;Nurnberg - Franken
c_nurnberg;1757;1757 - Oberpfalz;Nurnberg - Oberpfalz

c_niederbayern;64;64 - Niederbayern;Niederbayern - Niederbayern

c_kempten;68;68 - Schwaben;Kempten - Schwaben

c_oberbayern;65;65 - Munchen;Oberbayern - Munchen
c_oberbayern;1868;1868 - Augsburg;Oberbayern - Augsburg

c_tirol;73;73 - Tirol;Tirol - Tirol
c_schwaben;73;73 - Tirol;Schwaben - Tirol

c_chur;1873;1873 - Chur;Chur - Chur

c_innsbruck;1768;1768 - Lienz;Innsbruck - Lienz

c_salzburg;76;76 - Salzburg;Salzburg - Salzburg

c_passau;133;133 - Linz;Passau - Linz

c_znojmo;1770;1770 - Ostmarch;Znojmo - Ostmarch

c_osterreich;134;134 - Wien;Osterreich - Wien
c_osterreich;1863;1863 - Graz;Osterreich - Wien

c_steiermark;132;132 - Steiermark;Steiermark - Steiermark

c_karnten;128;128 - Karnten;Karnten - Karnten

c_plzen;267;267 - Plsen;Plzen - Böhmerwald
c_domazlice;267;267 - Plsen;Domazlice - Böhmerwald

c_litomerice;1771;1771 - Erz;Litomerice - Erz

c_praha;266;266 - Bohemia;Praha - Bohemia

c_brno;265;265 - Moravia;Brno - Moravia
c_hradec;265;265 - Moravia;Hradec - Moravia
c_olomouc;265;265 - Moravia;Olomouc - Moravia

c_lower_silesia;1763;1763 - Niederlausitz;Lower Silesia - Niederlausitz
c_lubusz;1763;1763 - Niederlausitz;Lubusz - Niederlausitz

c_upper_silesia;60;60 - Lausitz;Upper Silesia - Oberlausitz

c_lausitz;61;61 - Dresden;Lausitz - Dresden

c_brandenburg;50;50 - Brandenburg;Brandenburg - Brandenburg
c_brandenburg;51;51 - Ruppin;Brandenburg - Ruppin
c_brandenburg;1759;1759 - Potsdam;Brandenburg - Potsdam

# Balkans

c_veglia;1826;1826 - Lika;Veglia - Lika
c_senj;1826;1826 - Lika;Senj - Lika

d_dalmatia;136;136 - Dalmatia;Duchy Dalmatia - Dalmatia
c_zadar;136;136 - Dalmatia;Zadar - Dalmatia
c_split;136;136 - Dalmatia;Split - Dalmatia
c_zachlumia;136;136 - Dalmatia;Zachlumia - Dalmatia

c_zagreb;131;131 - Zagorje15;Zagreb - Croatia

c_varadzin;152;152 - Belovar;Varadzin - Belovar

c_ragusa;137;137 - Ragusa;Ragusa - Ragusa
c_ragusa;1831;1831 - Travunia;Ragusa - Travunia

c_zeta;138;138 - Zeta;Zeta - Zeta

c_rashka;1827;1827 - Raska;Rashka - Raska
c_rashka;1766;1766 - Kosovo;Rashka - Kosovo

c_belgrade;141;141 - Serbia;Belgrade - Serbia
c_vidin;141;141 - Serbia;Vidin - Serbia

c_krizevci;1767;1767 - Veroce;Krizevci - Veroce

c_usora;1828;1828 - Soli;Usora - Soli

c_hum;139;139 - Hum;Hum - 139

c_rama;140;140 - Usora;Rama - Bosnia

# Byzantine Empire

c_dyrrachion;143;143 - Albania;Dyrrachion - Albania
c_ochrid;143;143 - Albania;Ochrid - Albania

c_epeiros;144;144 - Janina;Epeiros - Janina
c_arta;144;144 - Janina;Arta - Janina

c_cephalonia;142;142 - Corfu;Cephalonia - Corfu

c_achaia;1773;1773 - Achaea;Achaia - Achaea
c_korinthos;1773;1773 - Achaea;Kornithos - Achaea

c_monemvasia;145;145 - Morea;Monemvasia - Morea
c_methone;145;145 - Morea;Methone - Morea

d_athens;146;146 - Athens;Duchy Athens - Athens
c_atheniai;146;146 - Athens;Atheniai - Athens
c_hellas;146;146 - Athens;Hellas - Athens
c_demetrias;146;146 - Athens;Demetrias - Athens

c_naxos;164;164 - Naxos;Naxos - Naxos
c_naxos;164;164 - Naxos;Duplicate to increase weight
c_euboia;164;164 - Naxos;Euboia - Naxos
c_lesbos;164;164 - Naxos;Lesbos - Naxos

c_thessalia;147;147 - Salonica;Thessalia - Larissa

c_thessalonike;1853;1853- Kozani;Thessalonike - Kozani

c_chalkidike;148;148 - Macedonia;Chalkidike - Macedonia
c_strymon;148;148 - Macedonia;Strymon - Macedonia

c_naissus;1765;1765 - Nis;Naissus - Nis
c_serdica;1765;1765 - Nis;Serdica - Nis

d_turnovo;150;150 - Bulgaria;Turnovo - Bulgaria
c_nikopolis;150;150 - Bulgaria;Nikopolis - Bulgaria
c_tyrnovo;150;150 - Bulgaria;Tyrnovo - Bulgaria
c_dorostotum;150;150 - Bulgaria;Dorostotum - Bulgaria

c_constantia;159;159 - Silistria;Constantia - Silistria
c_karvuna;159;159 - Silistria;Karvuna - Silistria

d_adrianopolis;149;149 - Edirne;Duchy Adrianopolis - Edirne
c_adrianopolis;149;149 - Edirne;County Adrianopolis - Edirne
c_philippopolis;149;149 - Edirne;Philippopolis - Edirne
c_kaliopolis;149;149 - Edirne;Kaliopolis - Edirne

c_mesembria;1764;1764 - Burgas;Mesembria - Burgas
c_thrake;1764;1764 - Burgas;Thrake - Burgas

c_byzantion;151;151 - Thrace;Byzantion - Thrace

c_nikomedeia;316;316 - Bithynia;Nikomedeia - Izmit
c_nikaea;316;316 - Bithynia;Nikea - Izmit

c_kyzikos;317;317 - Bursa;Kyzikos - Hudavendigar
c_prusa;317;317 - Bursa;Prusa - Hudavendigar
c_abydos;317;317 - Bursa;Abydos - Hudavendigar

c_smyrna;318;318 - Smyrna;Smyrna - Smyrna
c_ephesos;318;318 - Smyrna;Ephesos - Smyrna
c_laodikeia;318;318 - Smyrna;Laodikeia - Smyrna
c_chios;318;318 - Smyrna;Chios - Smyrna

c_lykia;319;319 - Antalya;Lykia - Mentese

c_rhodos;320;320 - Rhodes;Rhodos - Rhodes

c_seleukeia;324;324 - Karaman;Seleukeia - Karaman
c_attaleia;324;324 - Karaman;Attaleia - Karaman

d_armenia_minor;327;327 - Adana;Duchy Armenia Minor - Adana
c_adana;327;327 - Adana;Adana - Adana
c_lykandos;327;327 - Adana;Lykandos - Adana
c_tarsos;327;327 - Adana;Tarsos - Adana
c_teluch;327;327 - Adana;Teluch - Adana

c_sozopolis;1848;1848 - Hamid;Sozopolis - Hamid

c_dorylaion;322;322 - Anatolia;Dorylaion - Kutahya

c_ikonion;323;323 - Konya;Ikonion - Konya
c_tyana;323;323 - Konya;Tyana - Konya

c_ankyra;326;326 - Angora;Ankyra - Angora
c_galatia;326;326 - Angora;Galatia - Angora

c_paphlagonia;325;325 - Kastamon;Paphlagonia - Kastamonu
c_herakleia;325;325 - Kastamon;Herakleia - Kastamonu
c_sinope;325;325 - Kastamon;Sinope - Kastamonu

c_amisos;328;328 - Sinope;Amisos - Sinope
c_chaldea;328;328 - Sinope;Chaldea - Sinope

c_trapezous;330;330 - Trebizon;Trapezous - Trebizond
c_theodosiopolis;330;330 - Trebizon;Theodosiopolis - Trebizond

c_kaisereia;1846;1846 - Yazgod;Kaisereia - Amasya

c_koloneia;329;329 - Sivas;Koloneia - Sivas

c_melitene;332;332 - Mus;Melitene - Dulkadir

c_mesopotamia;418;418 - Van;Mesopotamia - Kurdistan
c_taron;418;418 - Van;Taron - Kurdistan

c_karin;331;331 - Erserum;Karin - Erzurum
c_ani;331;331 - Erserum;Ani - Erzurum

c_vaspurakan;419;419 - Armenia;Vaspurakan - Armenia
c_dwin;419;419 - Armenia;Dwin - Armenia

c_kartli;423;423 - Kartli;Kartli - Kartli
c_albania;423;423 - Kartli;Albania - Kartli

c_guria;422;422 - Imereti;Guria - Imereti
c_tao;422;422 - Imereti;Tao - Imereti
c_kakheti;422;422 - Imereti;Kakheti - Imereti

d_cyprus;321;321 - Cyprus;Duchy Cyprus - Cyprus
c_famagusta;321;321 - Cyprus;Famagusta - Cyprus
c_limisol;321;321 - Cyprus;Limisol - Cyprus

d_krete;163;163 - Crete;Duchy Krete - Crete
c_chandax;163;163 - Crete;Chandax - Crete
c_kaneia;163;163 - Crete;Kaneia - Crete

# Levant

c_aleppo;377;377 - Aleppo;Aleppo - Aleppo
c_aleppo;377;377 - Aleppo;Duplicate to increase weight
c_edessa;377;377 - Aleppo;Edessa - Aleppo
c_alexandretta;377;377 - Aleppo;Alexandretta - Aleppo
c_tell_bashir;377;377 - Aleppo;Tell Bashir - Aleppo
c_aintab;377;377 - Aleppo;Aintab - Aleppo

c_tripoli;378;378 - Beirut;Tripoli - Tarabulus
c_archa;378;378 - Beirut;Archa - Tarabulus
c_tortosa;378;378 - Beirut;Tortosa - Tarabulus
c_antiocheia;378;378 - Beirut;Antiocheia - Tarabulus
c_baalbek;378;378 - Beirut;Baalbek - Tarabulus

c_hama;1849;1849 - Hamah;Hama - Hammah
c_palmyra;1849;1849 - Hamah;Palmyra - Hammah
c_asas;1849;1849 - Hamah;Asas - Hammah
c_homs;1849;1849 - Hamah;Homs - Hammah

d_galilee;1855;1855 - Sidon;Duchy Galilee - Sidon
c_tyrus;1855;1855 - Sidon;Tyrus - Sidon
c_tiberias;1855;1855 - Sidon;Tiberias - Sidon
c_beirut;1855;1855 - Sidon;Beirut - Sidon
c_safed;1855;1855 - Sidon;Safed - Sidon
c_acre;1855;1855 - Sidon;Acre - Sidon

d_jerusalem;379;379 - Judea;Duchy Jerusalem - Judea
c_jerusalem;379;379 - Judea;County Jerusalem - Judea
c_jerusalem;379;379 - Judea;Duplicate to increase weight
c_jerusalem;379;379 - Judea;Duplicate to increase weight
c_hebron;379;379 - Judea;Hebron - Judea
c_ascalon;379;379 - Judea;Ascalon - Judea
c_jaffa;379;379 - Judea;Jaffa - Judea
c_beersheb;379;379 - Judea;Beersheb - Judea

d_damascus;382;382 - Damascus;Duchy Damascus - Damascus
c_damascus;382;382 - Damascus;County Damascus - Damascus
c_damascus;382;382 - Damascus;Duplicate to increase weight
c_irbid;382;382 - Damascus;Irbid - Damascus
c_al_mafraq;382;382 - Damascus;Al Mafraq - Damascus

c_amman;381;381 - Hawran;Amman - Hawran
c_az_zarqa;381;381 - Hawran;Az Zarqa - Hawran
c_madaba;381;381 - Hawran;Madaba - Hawran

c_negev;1854;1854 - Negev;Negev - Negev
c_eilat;1854;1854 - Negev;Eilat - Negev

c_darum;364;364 - Gaza;Darum - Gaza
c_el-arish;364;364 - Gaza;El-Arish - Gaza

c_kerak;380;380 - Al Karak;Kerak - Al Karak
c_monreal;380;380 - Al Karak;Monreal - Al Karak
c_petra;380;380 - Al Karak;Petra - Al Karak

c_sinai;365;365 - Sinai;Sinai - Sinai
c_farama;365;365 - Sinai;Farama - Sinai

d_jazira;407;407 - Dayr Az Zor;Duchy Jazira - Ar-Raqqah
c_bira;407;407 - Dayr Az Zor;Bira - Ar-Raqqah
c_al_jazira;407;407 - Dayr Az Zor;Al Jazira - Ar-Raqqah
c_amida;407;407 - Dayr Az Zor;Amida - Ar-Raqqah
c_nisibin;407;407 - Dayr Az Zor;Nisibin - Ar-Raqqah

d_mosul;411;411 - Mosul;Duchy Mosul - Mosul
c_mosul;411;411 - Mosul;County Mosul - Mosul
c_sinjar;411;411 - Mosul;Sinjar - Mosul
c_kurdistan;411;411 - Mosul;Kurdistan - Mosul

d_azerbaijan;416;416 - Azerbaijan;Duchy Azerbaijan - Azerbaijan
c_azerbaijan;416;416 - Azerbaijan;County Azerbaijan - Azerbaijan
c_tabriz;416;416 - Azerbaijan;Tabriz - Azerbaijan

d_syria;406;406 - Badiyat Ash Sham;Duchy Syria - Badiyat Ash Sham
c_syria;406;406 - Badiyat Ash Sham;County Syria - Badiyat Ash Sham
c_druz;406;406 - Badiyat Ash Sham;Druz - Badiyat Ash Sham
c_suwaida;406;406 - Badiyat Ash Sham;Suwaida - Badiyat Ash Sham
c_tadmor;406;406 - Badiyat Ash Sham;Tadmor - Badiyat Ash Sham
c_al_bichri;406;406 - Badiyat Ash Sham;Al Bichri - Badiyat Ash Sham

# Egypt & Abyssinia

c_pelusia;363;363 - Diamientia;Pelusia - Diamientia

c_delta;362;362 - Delta;Delta - Delta
c_gabiyaha;362;362 - Delta;Gabiyaha - Delta

c_alexandria;358;358 - Alexandria;Alexandria - Alexandria
c_buhairya;358;358 - Alexandria;Buhairya - Alexandria

c_al_alamayn;357;357 - Libya;Al Alamayn - Libya
c_quattara;357;357 - Libya;Quattara - Libya

c_gizeh;359;359 - Asyut;Gizeh - Asyut

d_cairo;361;361 - Cairo;Duchy Cairo - Cairo
c_cairo;361;361 - Cairo;County Cairo - Cairo
c_cairo;361;361 - Cairo;Duplicate to increase weight
c_sarqihya;361;361 - Cairo;Sarqihya - Cairo
c_manupura;361;361 - Cairo;Manupura - Cairo

d_aswan;360;360 - Nile;Duchy Aswan - Nile
c_aswan;360;360 - Nile;County Aswan - Nile
c_quena;360;360 - Nile;Quena - Nile
c_asyut;360;360 - Nile;Asyut - Nile

c_makuria;1233;1233 - Kargah;Makuria - Kargah

c_nubia;1234;1234 - Nubia;Nubia - Nubia

c_hayya;1232;1232 - Suakin;Hayya - Suakin
c_hayya;1231;1231 - Ibrim;Hayya - Ibrim

c_atbara;1229;1229 - Berber;Atbara - Berber

c_kassala;1226;1226 - Taka;Kassala - Taka

c_akordat;1230;1230 - Massawa;Akordat - Massawa

c_aksum;1227;1227 - Tigre;Aksum - Tigre

c_gondar;1224;1224 - Gonder;Gondar - Gonder

c_sennar;1225;1225 - Butana;Sennar - Butana

c_matamma;1223;1223 - Gojjam;Matamma - Gojjam

c_antalo;1214;1214 - Awsa;Antalo - Awsa

c_asosa;1218;1218 - Kefa;Asosa - Kefa
c_asosa;1213;1213 - Shoa;Asosa - Shoa

c_ankober;1210;1210 - Ifat;Ankober - Ifat

c_tadjoura;1215;1215 - Tajura;Tadjoura - Tajura

c_harer;1211;1211 - Harer;Harer - Harer

c_berbera;1209;1209 - Berbera;Berbera - Berbera
c_berbera;1212;1212 - Zeila;Berbera - Zeila
c_berbera;1208;1208 - Haud;Berbera - Haud

c_busaso;1206;1206 - Mayertern;Busaso - Majerteen
c_busaso;1099;1099 - Socotra;Busaso - Socotra

# North Africa

c_canarias;366;366 - The Canarias;Canarias - The Canarias

c_tharasset;347;347 - Ifni;Tharasset - Ifni
c_tharasset;348;348 - Sus;Tharasset - Sus

c_ifni;345;345 - Safi;Ifni - Safi
c_anti-atlas;345;345 - Safi;Anti-Atlas - Safi

c_marrakech;344;344 - Marrakech;Marrakech - Marrakech

c_sijilmasa;346;346 - Figuig;Sijilmasa - Figuig

c_massat;342;342 - Toubkhal;Massat - Toubkhal
c_infa;342;342 - Toubkhal;Infa - Toubkhal

c_tangiers;334;334 - Tangiers;Tangiers - Tangiers

c_cebta;1751;1751 - Ceuta;Cebta - Ceuta

c_fes;343;343 - Fez;Fes - Fez
c_figuig;343;343 - Fez;Figuig - Fez
c_el_rif;343;343 - Fez;El Rif - Fez

c_snassen;335;335 - Mellila;Snassen  - Melilla

c_tlemcen;336;336 - Tlemcen;Tlemcen - Tlemcen

c_orania;337;337 - Oran;Orania - Oran

c_hanyan;349;349 - Atlas;Hanyan - Atlas
c_atlas_mnt;349;349 - Atlas;Atlas Mnt - Atlas

c_al_djazair;338;338 - Al-Djazair;Al Djazair - Al-Djazair
c_lemdiyya;338;338 - Al-Djazair;Lemdiyya - Al-Djazair

c_ouled_nail;350;350 - Aures;Ouled Nail - Aures
c_mzab;350;350 - Aures;Mzab - Aures

c_beni_yanni;339;339 - Bejaia;Beni Yanni - Kabylia
c_tell_atlas;339;339 - Bejaia;Tell Atlas - Kabylia

c_biskra;351;351 - Biskra;Biskra - Biskra

c_bejaija;1882;1882 - Bone;Bejaija - Bone

c_constantine;340;340 - Constantine;Constantine - Constantine
c_annaba;340;340 - Constantine;Annaba - Constantine

c_tunis;341;341 - Tunis;Tunis - Tunis
c_tunis;341;341 - Tunis;Duplicate to increase weight
c_medjerda;341;341 - Tunis;Medjerda - Tunis
c_bizerte;341;341 - Tunis;Bizerte - Tunis

c_kairwan;352;352 - Gafsa;Kairwan - Gafsa

c_gabes;353;353 - Gabes;Gabes - Gabes
c_mahdia;353;353 - Gabes;Mahdia - Gabes

c_tripolitana;354;354 - Tripolitania;Tripolitana - Tripolitania
c_djerba;354;354 - Tripolitania;Djerba - Tripolitania

c_syrte;355;355 - Sirt;Syrta - Sirt
c_leptis_magna;355;355 - Sirt;Leptis Magna - Sirt

d_cyrenaica;356;356 - Cyrenaica;Duchy Cyrenaica - Cyrenaica
c_cyrenaica;356;356 - Cyrenaica;County Cyrenaica - Cyrenaica
c_benghazi;356;356 - Cyrenaica;Benghazi - Cyrenaica
c_tobruk;356;356 - Cyrenaica;Tobruk - Cyrenaica
c_senoussi;356;356 - Cyrenaica;Senoussi - Cyrenaica

# Mali

c_ouadane;1127;1127 - Tuat;Ouadane - Tuat
c_idjil;1127;1127 - Tuat;Idjil - Tuat

c_taghaza;1128;1128 - Taodeni;Taghaza - Taodeni
c_araouane;1128;1128 - Taodeni;Araouane - Taodeni

c_timbuktu;1132;1132 - Timbuktu;Timbuktu - Timbuktu

c_gao;1133;1133 - Gao;Gao - Gao

c_tadmekka;1130;1130 - Tadmekka;Tadmekka - Tadimekket

c_aoudaghost;1129;1129 - Azawadd;Aoudaghost - Azawadd

c_zarma;1142;1142 - Dendi;Zarma - Dendi

c_gurma;1136;1136 - Gurma;Gurma - Gurma

c_djenne;1134;1134 - Jenne;Djenne - Jenne
c_djenne;1135;1135 - Yatenga;Djenne - Jenne

c_bambuk;1120;1120 - Bambuk;Bambuk - Bambuk

c_oualata;1131;1131 - Massina;Oualata - Massina

c_ghana;1123;1123 - Segu;Ghana - Segu

c_mali;1124;1124 - Wasuju;Mali - Wasuju
c_mali;1121;1121 - Bure;Mali - Bure

# Arabia

c_tabuk;383;383 - Tabouk;Tabuk - Tabouk
c_hijaz;383;383 - Tabouk;Hijaz - Tabouk
c_al_aqabah;383;383 - Tabouk;Al Aqabah - Tabouk

c_medina;384;384 - Medina;Medina - Medina

c_mecca;385;385 - Mecca;Mecca - Mecca

c_asir;386;386 - Asir;Asir - Asir

c_sanaa;390;390 - Sanaa;Sanaa - Sana'a

c_taizz;387;387 - Mocha;Taizz - Mocha

c_aden;388;388 - Aden;Aden - Aden
c_bayda;388;388 - Aden;Bayda - Aden

c_kathiri;389;389 - Hadramut;Kathiri - Hadramut
c_kathiri;391;391 - Najran;Kathiri - Najran

c_mahra;402;402 - Mahra;Mahra - Mahra

c_dhofar;401;401 - Dhofar;Dhofar - Dhofar
c_duqm;401;401 - Dhofar;Duqm - Dhofar

c_muscat;400;400 - Muscat;Muscat - Muscat

c_hajar;399;399 - Suhar;Hajar - Suhar
c_hajar;403;403 - Nizwa;Hajar - Nizwa

c_dhu_zabi;398;398 - Qawasim;Dhu Zabi - Qawasim
c_dhu_zabi;404;404 - Liwa;Dhu Zabi - Liwa
c_dhu_zabi;397;397 - Beni Yas;Dhu Zabi - Beni Yas

c_al_hasa;395;395 - Qatar;Al Hasa - Qatar

c_bahrein;396;396 - Bahrain;Bahrein - Bahrain
c_damman;396;396 - Bahrain;Damman - Bahrain

c_kuwait;394;394 - Al Hasa;Kuwait - Al Hasa
c_rummah;394;394 - Al Hasa;Rummah - Al Hasa

c_al_jawf;405;405 - Al Jawf;Al Jawf - Al Jawf
c_al_jawf;405;405 - Al Jawf;Duplicate to increase weight
c_ar_ar;405;405 - Al Jawf;Ar Ar - Al Jawf
c_al_habbariyah;405;405 - Al Jawf;Al Habbariyah - Al Jawf

c_hail;393;393 - Jabal Shammar;Hail - Jabal Shammar
c_rafha;393;393 - Jabal Shammar;Rafha - Jabal Shammar

c_hajr;392;392 - Nejd;Hajr - Najd
c_halaban;392;392 - Nejd;Halaban - Najd

# Persia & Mesopotamia

c_karbala;409;409 - Karbala;Karbala - Karbala
c_al_nadjaf;409;409 - Karbala;Al Nadjaf - Karbala
c_al_nasiryah;409;409 - Karbala;Al Nasiryah - Karbala

c_basra;408;408 - Basra;Basra - Basra
c_basra;408;408 - Basra;Duplicate to increase weight
c_kufa;408;408 - Basra;Kufa - Basra
c_tigris;408;408 - Basra;Tigris - Basra

d_baghdad;410;410 - Iraq-i-Arab;Duchy Baghdad - Iraq-i Arab
c_baghdad;410;410 - Iraq-i-Arab;County Baghdad - Iraq-i Arab
c_baghdad;410;410 - Iraq-i-Arab;Duplicate to increase weight
c_baghdad;410;410 - Iraq-i-Arab;Duplicate to increase weight
c_ilam;410;410 - Iraq-i-Arab;Ilam - Iraq-i Arab
c_al_amarah;410;410 - Iraq-i-Arab;Al Amarah - Iraq-i Arab
c_deir;410;410 - Iraq-i-Arab;Deir - Iraq-i Arab
c_kirkuk;410;410 - Iraq-i-Arab;Kirkuk - Iraq-i Arab

c_oromieh;415;415 - Sharizhor;Oromieh - Shahrizor
c_kirkuk;415;415 - Sharizhor;Kirkuk - Shahrizor

c_khozistan;412;412 - Khuzestan;Khozistan - Khuzestan
c_hendjan;412;412 - Khuzestan;Hendjan - Khuzestan
c_avhaz;412;412 - Khuzestan;Avhaz - Khuzestan

c_fars;430;430 - Laristan;Fars - Fars
c_fars;430;430 - Laristan;Duplicate to increase weight
c_ladistan;430;430 - Laristan;Ladistan - Fars
c_zermanya;430;430 - Laristan;Zermanya - Fars

c_hormuz;431;431 - Hormuz;Hormuz - Hormoz

c_kerman;432;432 - Kerman;Kerman - Kerman

c_jask;434;434 - Kohistan;Jask - Kohistan

c_tis;575;575 - Makran;Tis - Makran

c_bam;435;435 - Sistan;Bam - Sistan

c_baluchistan;447;447 - Kandahar;Baluchistan - Kandahar

c_farrah;449;449 - Ghor;Farrah - Ghor
c_sabzevar;449;449 - Ghor;Sabzevar - Ghor

c_balkh;450;450 - Balkh;Balkh - Balkh

c_dashhowuz;453;453 - Qarshi;Dashhowuz - Qarshi

c_samarkand;454;454 - Samarkand;Samarkand - Samarkand

c_khiva;455;455 - Kyrzyl-Kum;Khiva - Kyzylkum

c_kyzylorda;1970;1970 - Syghnak;Kyzylorda - Syghnak

c_maverannahr;440;440 - Qaraqalpak;Maverannahr - Qaraqalpak
c_maverannahr;1973;1973 - Urgench;Maverannahr - Urgench

c_usturt;443;443 - Ust Yurt;Usturt - Ustyurt
c_khwarizm;443;443 - Ust Yurt;Khwarizm - Ustyurt

c_mangyshlak;439;439 - Mangyshlak;Mangyshlak - Mangyshlak

c_kara-kum;438;438 - Kara Kum;Kara-kum - Karakum

c_bukhara;442;442 - Bukhara;Bukhara - Bukhara
c_bukhara;441;441 - Khiva;Bukhara - Khiva

c_sistan;435;435 - Sistan;Sistan - Sistan
c_zahedan;435;435 - Sistan;Zahedan - Sistan

c_herat;446;446 - Herat;Herat - Herat
c_birjand;446;446 - Herat;Birjand - Herat

c_merv;445;445 - Marv;Merv - Marv
c_merv;444;444 - Charjuy;Merv - Charjuy

c_dihistan;437;437 - Atak;Dihistan - Atak
c_turkmen;437;437 - Atak;Turkmen - Atak

c_gurgan;427;427 - Gurgan;Gurgan - Astarabad

c_khorasan;436;436 - Khurasan;Khorasan - Khorasan
c_nishapur;436;436 - Khurasan;Nishapur - Khorasan
c_qohistan;436;436 - Khurasan;Qohistan - Khorasan

c_yazd;433;433 - Dash-i-Lut;Yazd - Yazd
c_lut;433;433 - Dash-i-Lut;Lut - Yazd

c_mazandaran;426;426 - Mazandaran;Mazandaran - Mazandaran
c_tabaristan;426;426 - Mazandaran;Tabaristan - Mazandaran

c_gilan;417;417 - Gilan;Gilan - Gilan
c_gilan;424;424 - Shirva;Gilan - Gilan

d_esfahan;429;429 - Fars;Duchy Esfahan - Esfahan
c_esfahan;429;429 - Fars;County Esfahan - Esfahan
c_avhaz;429;429 - Fars;Avhaz - Esfahan
c_shiraz;429;429 - Fars;Shiraz - Esfahan

c_qwivir;428;428 - Ajam;Qwivir - Iraq-e Ajam
c_qom;428;428 - Ajam;Qom - Iraq-e Ajam
c_rayy;428;428 - Ajam;Rayy - Iraq-e Ajam

c_dailam;414;414 - Hamadan;Dailam - Hamadan

d_kermanshah;413;413 - Luristan;Duchy Kermanshah - Lorestan
c_luristan;413;413 - Luristan;Luristan - Lorestan
c_kermanshah;413;413 - Luristan;County Kermanshah - Lorestan
c_qazwin;413;413 - Luristan;Qazwin - Lorestan

c_shirvan;421;421 - Murgan;Shirvan - Shirvan

c_suenik;420;420 - Qarabagh;Suenik - Qarabagh

# Southeastern Europe

c_sopron;135;135 - Sopron;Sopron - Sopron
c_vas;135;135 - Sopron;Vas - Sopron
c_fejer;135;135 - Sopron;Fejer - Sopron

c_szekezfehervar;1864;1864 - Somogy;Szekezfehervar - Pozsony
c_pecs;1864;1864 - Somogy;Pecs - Pozsony

c_bacs;1954;1954 - Torontal;Bacs - Torontal
c_csanad;1954;1954 - Torontal;Csanad - Torontal

c_temes;156;156 - Temes;Temes - Temes

c_pest;153;153 - Pest;Pest - Pest
c_esztergom;153;153 - Pest;Esztergom - Pest
c_pest;155;155 - Bekes;Pest - Bekes

c_trencin;1772;1772 - Pozsony;Trencin - Pozsony
c_pressburg;1772;1772 - Pozsony;Pressburg - Pozsony
c_nitra;1772;1772 - Pozsony;Nitra - Pozsony

c_orava;154;154 - Szepes;Orava - Szepes
c_saris;154;154 - Szepes;Saris - Szepes
c_gemer;154;154 - Szepes;Gemer - Szepes

c_bereg;162;162 - Zemplen;Bereg - Zemplen

c_abauj;1953;1953 - Szabolcs;Abauj - Szabolcs

c_marmaros;1952;1952 - Maramaros;Marmaros - Maramaros

c_szekelyfold;158;158 - Maros;Szekelyfold - Maros

c_bihar;157;157 - Bihar;Bihar - Bihar
c_heves;157;157 - Bihar;Heves - Bihar

c_feher;1951;1951 - Hunyad;Feher - Hunyad

c_severin;160;160 - Oltenia;Severin - Oltenia

c_turnu;161;161 - Wallachia;Turnu - Wallachia
c_tirgoviste;161;161 - Wallachia;Tirgoviste - Wallachia

c_galaz;1756;1756 - Budjak;Galaz - Bessarabia

c_birlad;268;268 - Bessarabia;Birlad - Moldavia
c_torki;268;268 - Bessarabia;Torki - Moldavia

# Eastern Europe

c_stettin;1858;1858 - Stettin;Stettin - Stettin

c_slupsk;48;48 - Hinterpommern;Slupsk - Hinterpommern

c_danzig;43;43 - Danzig;Danzig - Danzig
c_gnieznienskie;43;43 - Danzig;Gnieznienskie - Danzig

c_marienburg;1841;1841 - Marienburg;Marienburg - Marienburg
c_marienburg;42;42 - Warmia;Marienburg - Warmia

c_sambia;41;41 - Ostpreussen;Sambia - Ostpreussen
c_scalovia;41;41 - Ostpreussen;Scalovia - Ostpreussen

c_memel;40;40 - Memel;Memel - Memel

c_kurs;39;39 - Kurland;Kurs - Kurland

c_zemigalians;38;38 - Riga;Zemigalians - Riga

c_lettigalians;1935;1935 - Semigallia;Lettigalians - Semigallia

c_osel;35;35 - Osel;Osel - Ösel

c_livs;37;37 - Livland;Livs - Livland

c_dorpat;1834;1834 - Dorpat;Dorpat - Dorpat

c_west_dvina;273;273 - Wenden;West Dvina - Wenden

c_zhmud;1936;1936 - Kovno;Zhmud - Kovno
c_zhmud;271;271 - Samogitia;Zhmud - Samogitia

c_poznanskie;254;254 - Poznan;Poznanskie - Poznan
c_poznanskie;49;49 - Neumark;Poznanskie - Neumark

c_kaliskie;255;255 - Kalisz;Kaliskie - Kalisz

c_chelminskie;1859;1859 - Torun;Chelminskie - Chelmno
c_kujawy;1859;1859 - Torun;Kujawy - Chelmno

c_plock;256;256 - Plock;Plock - Plock
c_plock;1938;1938 - Wizna;Plock - Wizna
c_plock;257;257 - Warszawa;Plock - Warsawa

c_sieradzko-leczyckie;1939;1939 - Leczyca;Sieradzko-Leczyckie - Leczyca
c_sieradzko-leczyckie;258;258 - Lodz;Sieradzko-Leczyckie - Sieradz

c_opole;264;264 - Breslau;Opole - Breslau

c_cieszyn;263;263 - Ratibor;Cieszyn - Ratibor

c_krakowskie;262;262 - Krakow;Krakowskie - Krakow
c_sacz;262;262 - Krakow;Sacz - Krakow

c_galich;261;261 - Ruthenia;Galich - Ruthenia
c_peremyshl;261;261 - Ruthenia;Peremyshl - Ruthenia

c_terebovl;281;281 - Kamienec;Terebovl - Podolia

c_sandomierskie;259;259 - Sandomierz;Sandomierskie - Sandomierz

c_czersk;260;260 - Lublin;Czersk - Lublin

c_belgorod;282;282 - Yedisan;Belgorod - Yedisan
c_olvia;282;282 - Yedisan;Olvia - Yedisan
c_peresechen;282;282 - Yedisan;Peresechen - Yedisan

c_beresty;277;277 - Brest;Beresty - Brest

c_pinsk;278;278 - Pinsk;Pinsk - Pinsk
c_pinsk;279;279 - Volhynia;Pinsk - Volhynia

c_turov;1941;1941 - Turov;Turov - Turov
c_turov;1942;1942 - Zhytomyr;Turov - Zhytomyr

c_minsk;276;276 - Minsk;Minsk - Minsk
c_lyubech;276;276 - Minsk;Lyubech - Minsk

c_kiev;280;280 - Kiev;Kiev - Kiev
c_kiev;280;280 - Kiev;Kiev - Kiev

c_jacwiez;1937;1937 - Grodno;Jacwiez - Grodno

c_sudovia;270;270 - Troki;Sudovia - Trakai

c_podlasie;269;269 - Podlasia;Podlasie - Podlasie

c_aukshayts;272;272 - Lithuania;Aukshayts - Vilna

c_vladimir_volynsky;1940;1940 - Belz;Vladimir Volynsky - Belz

c_korsun;1944;1944 - Cherkasy;Korsun - Cherkasy
c_korsun;1943;1943 - Bratslav;Korsun - Bratslav

c_pereyaslavl;290;290 - Poltava;Pereyaslavl - Poltava

c_polotsk;275;275 - Polotsk;Polotsk - Polotsk
c_lepiel;275;275 - Polotsk;Lepiel - Polotsk

c_smolensk;293;293 - Smolensk;Smolensk - Smolensk
c_smolensk;293;293 - Smolensk;Smolensk - Smolensk
c_vitebsk;293;293 - Smolensk;Vitebsk - Smolensk
c_roslavl;293;293 - Smolensk;Roslavl - Smolensk

c_mstislavl;292;292 - Mogilyov;Mstislavl - Mogilev
c_orsha;292;292 - Mogilyov;Orsha - Mogilev

c_chernigov;289;289 - Chernigov;Chernigov - Chernigov

c_novgorod_seversky;1945;1945 - Novgorod-Seversky;Novgorod Seversky - Novgorod-Seversky

c_pskov;274;274 - Pskov;Pskov - Pskov
c_pskov;1960;1960 - Ostrov;Pskov - Ostrov

c_bezhetsky_verh;1961;1961 - Ladoga;Bezhetsky Verh - Ladoga

c_novgorod;310;310 - Novgorod;Novgorod - Novgorod

c_torzhok;1959;1959 - Torzhok;Torzhok - Torzhok

c_velikiye_luki;311;311 - Kholm;Velikiye Luki - Kholm

c_romny;1958;1958 - Kargopol;Romny - Kargopol

c_north_dvina;1955;1955 - Kholmogory;North Dvina - Kholmogory
c_trans-portage;1955;1955 - Kholmogory;Trans-Portage - Kholmogory

c_samoyeds;313;313 - Archangelsk;Samoyeds - Arkhangelsk
c_bjarmia;313;313 - Archangelsk;Bjarmie - Arkhangelsk

c_beloozero;312;312 - Vologda;Beloozero - Beloozero

c_vologda;314;314 - Ustyug;Vologda - Vologda
c_chud;314;314 - Ustyug;Chud - Vologda

c_veliky_ustug;1755;1755 - Ustyug;Veliky Ustug - Ustyug
c_syrj;1755;1755 - Ustyug;Syrj - Ustyug
c_zyriane;1755;1755 - Ustyug;Zyriane - Ustyug

c_kostroma;1753;1753 - Kostroma;Kostroma - Kostroma

c_galich_mersky;1957;1957 - Galich;Galich Mersky - Galich

c_perm;1964;1964 - Ust-Sysolsk;Perm - Ust-Sysolsk

c_chelyabi;1963;1963 - Cherdyn;Chelyabi - Cherdyn

c_yamalia;1080;1080 - North Urals;Yamalia - Pelym

c_aral;471;471 - Alimuly;Aral - Alimuly

c_ryn_desert;470;470 - Bayuly;Ryn Desert - Bayuly

c_omsk;472;472 - Jetyru;Omsk - Zhetyru
c_omsk;1076;1076 - Kurgan;Omsk - Kurgan
c_omsk;1966;1966 - Chelyaba;Omsk - Chelyaba

c_surgut;1078;1078 - Middle Urals;Surgut - Tura
c_surgut;1077;1077 - Solikamsk;Surgut - Solikamsk
c_surgut;305;305 - Perm;Surgut - Perm

c_mansia;475;475 - Bashkortostan;Mansia - Bashkortostan

c_yaroslavl;308;308 - Yaroslavl;Yaroslavl - Yaroslavl
c_rostov;308;308 - Yaroslavl;Rostov - Yaroslavl

c_tver;294;294 - Tver;Tver - Tver
c_uglich;294;294 - Tver;Uglich - Tver

c_suzdal;1956;1956 - Suzdal;Suzdal - Suzdal
c_suzdal;1754;1754 - Orel;Suzdal - Murom

c_vladimir;307;307 - Vladimir;Vladimir - Vladimir
c_pereyaslavl;307;307 - Vladimir;Pereyaslavl - Vladimir

d_moskva;295;295 - Moskva;Duchy Moskva - Moskva
c_moskva;295;295 - Moskva;County Moskva - Moskva
c_mozhaysk;295;295 - Moskva;Mozhaysk - Moskva

c_vyazma;296;296 - Mozhaisk;Vyazma - Kaluga

c_ryazan;301;301 - Ryazan;Ryazan - Ryazan

c_murom;1778;1778 - Kasimov;Murom - Kasimov

c_kolomna;300;300 - Tula;Kolomna - Tula
c_pronsk;300;300 - Tula;Pronsk - Tula

c_nizhny_novgorod;306;306 - Nijni-Novgorod;Nizhny Novgorod - Nizhny Novgorod
c_gorodez;306;306 - Nijni-Novgorod;Gorodez - Nizhny Novgorod

c_grassland_cheremisa;1082;1082 - Kazan;Grassland Cheremisa - Kazan

c_merya;1083;1083 - Zavolochye;Merya - Vetluga
c_hlynov;1083;1083 - Zavolochye;Hlynov - Vetluga

c_votyaki;1079;1079 - Viatka;Votyaki - Viatka

c_guryev;465;465 - Nogay;Guryev - Nogay
c_emba;465;465 - Nogay;Emba - Nogay

c_itil;464;464 - Astrakhan;Itil - Astrakhan
c_kuma;464;464 - Astrakhan;Kuma - Astrakhan

d_derbent;425;425 - Dagestan;Duchy Derbent - Dagestan
c_derbent;425;425 - Dagestan;County Derbent - Dagestan
c_semender;425;425 - Dagestan;Semender - Dagestan

c_imeretia;462;462 - Georgia;Imeretia - Mingrelia

c_abkhazia;1856;1856 - Abkhazia;Abkhazia - Abkhazia

c_kuban;287;287 - Kouban;Kuban - Kuban
c_tmutarakan;287;287 - Kouban;Tmutarakan - Kuban
c_yegorlyk;287;287 - Kouban;Yegorlyk - Kuban

c_azov;286;286 - Azow;Azov - Azov

c_lower_dniepr;1974;1974 - Yedishkul;Lower Dniepr - Yedishkul
c_lukomorie;1974;1974 - Yedishkul;Lukomorie - Yedishkul
c_lower_don;1974;1974 - Yedishkul;Lower Don - Yedishkul

c_crimea;284;284 - Crimea;Crimea - Crimea

c_theodosia;285;285 - Kaffa;Theodosia - Kaffa
c_cherson;285;285 - Kaffa;Cherson - Kaffa
c_korchev;285;285 - Kaffa;Korchev - Kaffa

c_oleshye;283;283 - Zaporozhia;Oleshye - Zaporozhia
c_chortitza;283;283 - Zaporozhia;Chortitza - Zaporozhia

c_alania;463;463 - Alania;Alania - Circassia
c_alania;463;463 - Alania;Alania - Circassia

c_manych;468;468 - Khazaria;Manych - Manych

c_saray;466;466 - Sarai;Saray - Sarai

c_lower_volga;303;303 - Saratow;Lower Volga - Saratov

c_don_portage;1971;1971 - Tsaritsyn;Don Portage - Tsaritsyn

c_sarkel;467;467 - Borisoglebsk;Sarkel - Borisoglebsk

c_sarpa;288;288 - Cherkassk;Sarpa - Lower Don
c_tana;288;288 - Cherkassk;Tana - Lower Don

c_yaik;474;474 - Yaik;Yaik - Yaik

c_uzens;469;469 - Ryn;Uzens - Ryn

c_bryansk;297;297 - Bryansk;Bryansk - Bryansk

c_sugrov;298;298 - Kursk;Sugrov - Kursk

c_sharukan;291;291 - Kharkov;Sharukan - Kharkov
c_desht-i-kipchak;291;291 - Kharkov;Desht-i-Kipchak - Kharkov

c_khopyor;299;299 - Voronezh;Khopyor - Voronezh

c_mordva;302;302 - Tambow;Mordva - Tambov

c_burtasy;304;304 - Pensa;Burtasy - Penza

c_mountain_cheremisa;1081;1081 - Simbirsk;Mountain Cheremisa - Simbirsk
c_chuvash;1081;1081 - Simbirsk;Chuvash - Simbirsk

c_syrt;473;473 - Samara;Syrt - Samara
c_bulgar;473;473 - Samara;Bulgar - Samara

c_southern_ural;1965;1965 - Buzuluk;Southern Ural - Buzuluk
c_bilyar;1965;1965 - Buzuluk;Bilyar - Buzuluk

c_khantia;1962;1962 - Kudymkar;Khantia - Kudymkar
c_komi;1962;1962 - Kudymkar;Komi - Kudymkar

c_kama;1972;1972 - Udmurtia;Kama - Udmurtia
c_bashkirs;1972;1972 - Udmurtia;Bashkirs - Udmurtia

c_toropets;1752;1752 - Rzhev;Toropets - Rzhev
